Title,Company,Url,Site
CTO til Danmarks mest kompromislÃ¸se og uafhÃ¦ngige medie,Frihedsbrevet,https://thehub.io/jobs/67a480725a0d1e7c9ac713b4,ðŸš€ The Hub
Senior full-stack developer for digital agency ðŸš€,Kvalifik,https://thehub.io/jobs/678f75fd478e381e1433c14e,ðŸš€ The Hub
CTO til Danmarks mest kompromislÃ¸se og uafhÃ¦ngige medie,Frihedsbrevet,https://thehub.io/jobs/67a480725a0d1e7c9ac713b4,ðŸš€ The Hub
Senior Full stack Laravel Developer for new GreenTech platform,ReFlow - GreenTech for shipping,https://thehub.io/jobs/67937efd82119a756eac55bc,ðŸš€ The Hub
Software Engineer with experience in Financial Calculations and Data Science,Dreamplan.io,https://thehub.io/jobs/67a3783aab5d5e7faf9d557f,ðŸš€ The Hub
People Experience Specialist,Klar,https://thehub.io/jobs/67af427e54d9bc247b48971f,ðŸš€ The Hub
R&D Student Assistant,Levitate,https://thehub.io/jobs/67af2f8954d9bc247b45ba58,ðŸš€ The Hub
Graphic Designer,Son of a Tailor,https://thehub.io/jobs/67a61aa26ad383d822e904af,ðŸš€ The Hub
Junior Consultant,Bonzer,https://thehub.io/jobs/67a351cdab5d5e7faf9349ae,ðŸš€ The Hub
Digital Product Coordinator med passion for sundhedsinnovation,HealthBuddy,https://thehub.io/jobs/67af06fd54d9bc247b3f0441,ðŸš€ The Hub
Customer Success Manager DK,Superb,https://thehub.io/jobs/67ae881425aca324d54aab9a,ðŸš€ The Hub
Backend-udvikler,OnlineFundraising,https://thehub.io/jobs/67ac8bb754d9bc247bbfe59a,ðŸš€ The Hub
Junior Software Developer,Catalysta,https://thehub.io/jobs/67a34ebaab5d5e7faf92a08e,ðŸš€ The Hub
Student Consultant Spring 2025,Station,https://thehub.io/jobs/679c8a7aa97e564a7e18cb9a,ðŸš€ The Hub
Full-stack developer,proprty.ai,https://thehub.io/jobs/677e3aef478e381e14410862,ðŸš€ The Hub
Danskundervisere,Swap Language,https://thehub.io/jobs/67af1d4354d9bc247b43410b,ðŸš€ The Hub
